User ID,First Name,Last Name,Email Address,Item ID,Item Title,Expected date to complete
Emp_1111,Maurice ,Malone,maurice.malonea@whatever.com,IT_111,Item Title 1,12-Dec-19
Emp_1112,Blanca ,Mack,blanca.mack@whatever.com,IT_112,Item Title 2,31-Dec-19
Emp_1113,Wilbert ,Caldwell,wilbert.caldwell@watever.com,IT_113,Item Title 3,11-Dec-19
Emp_1114,Jon,Higgins,jon.higgins@watever.com,IT_114,Item Title 4,10-Dec-19
Emp_1111,Maurice ,Malone,maurice.malonea@whatever.com,IT_115,Item Title 5,31-Dec-19
Emp_1112,Blanca ,Mack,blanca.mack@whatever.com,IT_116,Item Title 6,31-Dec-19
Emp_1113,Wilbert ,Caldwell,wilbert.caldwell@watever.com,IT_117,Item Title 7,31-Dec-19
Emp_1114,Jon,Higgins,jon.higgins@watever.com,IT_118,Item Title 8,31-Dec-19
Emp_1111,Maurice ,Malone,maurice.malonea@whatever.com,IT_119,Item Title 9,31-Dec-19
